
{
    "comment" : "This file is used to help set default values when using the dotnet CLI extension Amazon.ElasticBeanstalk.Tools. For more information run \"dotnet eb --help\" from the project root.",
    "profile" : "default",
    "region"  : "us-east-2",
    "application" : "BeruwalaMirror",
    "environment" : "BeruwalaMirror-dev",
    "solution-stack" : "64bit Windows Server 2016 v2.5.5 running IIS 10.0",
    "iis-website"    : "Default Web Site",
    "app-path"       : "/",
    "enable-xray"    : false
}