
{
    "comment" : "This file is used to help set default values when using the dotnet CLI extension Amazon.ElasticBeanstalk.Tools. For more information run \"dotnet eb --help\" from the project root.",
    "profile" : "default",
    "region"  : "us-east-2",
    "application" : "BMSdotnetWebApplication",
    "environment" : "BMSdotnetWebApplication-dev",
    "solution-stack" : "64bit Amazon Linux 2 v2.1.4 running .NET Core",
    "iis-website"    : "Default Web Site",
    "app-path"       : "/",
    "enable-xray"    : false,
    "configuration"  : "Debug",
    "framework"      : "netcoreapp3.1",
    "self-contained" : false,
    "enhanced-health-type" : "basic",
    "additional-options"   : "",
    "environment-type"     : "SingleInstance",
    "cname"                : "bmsdotnetwebapplication-dev",
    "instance-type"        : "t2.micro",
    "key-pair"             : "ec2 tutorial",
    "instance-profile"     : "aws-elasticbeanstalk-BMSdotnetWebApplication-dev-0",
    "service-role"         : "aws-elasticbeanstalk-service-role",
    "proxy-server"         : "nginx"
}